email,cedula,especialidades
dwudeland7@liveinternet.ru,66717022,Español
ugrigorkina@altervista.org,66885685,Español
avittelc@washington.edu,24898920,Geografia
yhayshami@comcast.net,70209426,Biologia
nbennet@pagesperso-orange.fr,49708220,Matematicas
akuhnertu@e-recht24.de,86439097,Ingles
jleblancv@addtoany.com,99980390,Quimica
bbuckleighx@un.org,99934902,Geografia
imelburg10@google.pl,08883191,Quimica
scordero12@digg.com,15118425,Quimica
lstangoe1d@foxnews.com,49772659,Quimica
tbello1l@bravesites.com,46732004,Matematicas
mcalliss1o@skyrock.com,30090944,Ingles
mbernardos1q@a8.net,52251930,Geografia
bhaythorn1u@freewebs.com,61342651,Historia
selizabeth1v@wiley.com,52135187,Biologia
clauder1w@apple.com,41386604,Matematicas
cpatrono21@google.pl,05915013,Historia
glorait28@google.com.br,83381999,Quimica
ostile2f@lycos.com,86385897,Matematicas
cmiddle2g@sourceforge.net,82456680,Español
iestevez2h@mail.ru,44950606,Ingles
