email,first_name,last_name,rol,is_active
bgenge0@discovery.com,Boony,Genge,alumno,True
cbolzen1@phpbb.com,Conroy,Bolzen,alumno,True
sguerrier2@posterous.com,Sancho,Guerrier,alumno,True
alurriman3@ustream.tv,Ado,Lurriman,alumno,True
dcawdell4@time.com,Denny,Cawdell,alumno,True
sfairbairn5@prnewswire.com,Sean,Fairbairn,alumno,True
lmacgillreich6@theatlantic.com,Lewiss,MacGillreich,alumno,True
dwudeland7@liveinternet.ru,Darn,Wudeland,docente,True
idormand8@narod.ru,Ian,Dormand,alumno,True
bcockin9@hp.com,Bernadine,Cockin,alumno,True
ugrigorkina@altervista.org,Udale,Grigorkin,docente,True
tarnasonb@sourceforge.net,Tybie,Arnason,alumno,True
avittelc@washington.edu,Adrea,Vittel,docente,True
rilyinskid@bloglines.com,Ruthe,Ilyinski,alumno,True
feylese@desdev.cn,Finlay,Eyles,alumno,True
hkitteringhamf@patch.com,Hedvig,Kitteringham,alumno,True
kbirtlesg@ocn.ne.jp,Kalina,Birtles,alumno,True
lkrzyzaniakh@cbc.ca,Luz,Krzyzaniak,alumno,True
yhayshami@comcast.net,Yorgos,Haysham,docente,True
ashaughnessyj@live.com,Ariel,Shaughnessy,alumno,True
jstoneyk@nytimes.com,Justino,Stoney,alumno,True
tlangtryl@livejournal.com,Teddie,Langtry,alumno,True
hformbym@miibeian.gov.cn,Harland,Formby,alumno,True
hcovotton@friendfeed.com,Humberto,Covotto,alumno,True
irubinlichto@devhub.com,Ikey,Rubinlicht,alumno,True
apontinp@msu.edu,Appolonia,Pontin,alumno,True
peppsonq@economist.com,Phaidra,Eppson,alumno,True
nbarendsr@ocn.ne.jp,Nissy,Barends,alumno,True
scaseris@thetimes.co.uk,Shirley,Caseri,alumno,True
nbennet@pagesperso-orange.fr,Neila,Benne,docente,True
akuhnertu@e-recht24.de,Alard,Kuhnert,docente,True
jleblancv@addtoany.com,Julita,Leblanc,docente,True
dgilbodyw@washingtonpost.com,Dedra,Gilbody,alumno,True
bbuckleighx@un.org,Bevin,Buckleigh,docente,True
sbridewelly@xing.com,Sheilakathryn,Bridewell,alumno,True
slargentz@topsy.com,Starr,L'argent,alumno,True
imelburg10@google.pl,Imojean,Melburg,docente,True
santonich11@hubpages.com,Shoshana,Antonich,alumno,True
scordero12@digg.com,Sybyl,Cordero,docente,True
vshaughnessy13@istockphoto.com,Vince,Shaughnessy,alumno,True
rmeneely14@irs.gov,Roy,Meneely,alumno,True
kord15@elpais.com,Katy,Ord,alumno,True
rdamant16@jalbum.net,Robert,Damant,alumno,True
kcoleiro17@house.gov,Kissee,Coleiro,alumno,True
mlayton18@google.it,Milicent,Layton,alumno,True
vtrewman19@tinyurl.com,Vance,Trewman,alumno,True
bredhead1a@hexun.com,Bert,Redhead,alumno,True
joakenfall1b@twitpic.com,Jerri,Oakenfall,alumno,True
etolan1c@jigsy.com,Emmalyn,Tolan,alumno,True
lstangoe1d@foxnews.com,Lennard,Stangoe,docente,True
pcleaveland1e@china.com.cn,Packston,Cleaveland,alumno,True
wmatches1f@youku.com,Wyndham,Matches,alumno,True
tbowshire1g@arstechnica.com,Tadeo,Bowshire,alumno,True
tjaskowicz1h@t.co,Tannie,Jaskowicz,alumno,True
mzorzetti1i@deliciousdays.com,Maribelle,Zorzetti,alumno,True
mleport1j@flavors.me,Muire,Leport,alumno,True
aseivwright1k@loc.gov,Audrey,Seivwright,alumno,True
tbello1l@bravesites.com,Tanner,Bello,docente,True
tdunkersley1m@berkeley.edu,Thomasina,Dunkersley,alumno,True
mtett1n@ameblo.jp,Mead,Tett,alumno,True
mcalliss1o@skyrock.com,Milena,Calliss,docente,True
grouth1p@google.com.br,Gibb,Routh,alumno,True
mbernardos1q@a8.net,Melantha,Bernardos,docente,True
dblackledge1r@wp.com,Drusi,Blackledge,alumno,True
mgaines1s@ocn.ne.jp,Maurine,Gaines,alumno,True
cbesson1t@washington.edu,Curr,Besson,alumno,True
bhaythorn1u@freewebs.com,Blanch,Haythorn,docente,True
selizabeth1v@wiley.com,Stevie,Elizabeth,docente,True
clauder1w@apple.com,Candis,Lauder,docente,True
aemmanueli1x@wikimedia.org,Angelia,Emmanueli,alumno,True
graistrick1y@pinterest.com,Gerrard,Raistrick,alumno,True
akullmann1z@wired.com,Annmaria,Kullmann,alumno,True
aescot20@msn.com,Angelita,Escot,alumno,True
cpatrono21@google.pl,Cairistiona,Patrono,docente,True
ccassels22@hubpages.com,Cyril,Cassels,alumno,True
lbatch23@vimeo.com,Lynnell,Batch,alumno,True
idmitrichenko24@google.com.br,Idaline,Dmitrichenko,alumno,True
cstockney25@nymag.com,Corinne,Stockney,alumno,True
jhaccleton26@wikipedia.org,Jocelyn,Haccleton,alumno,True
lpullan27@tripod.com,Lucia,Pullan,alumno,True
glorait28@google.com.br,Gabbey,Lorait,docente,True
apiotr29@shinystat.com,Amos,Piotr,alumno,True
dwestman2a@pinterest.com,Danila,Westman,alumno,True
gshayes2b@cornell.edu,Genvieve,Shayes,alumno,True
eaxford2c@ted.com,Esmeralda,Axford,alumno,True
scayford2d@microsoft.com,Stacy,Cayford,alumno,True
stregoning2e@yahoo.com,Sarena,Tregoning,alumno,True
ostile2f@lycos.com,Odille,Stile,docente,True
cmiddle2g@sourceforge.net,Cordie,Middle,docente,True
iestevez2h@mail.ru,Ilaire,Estevez,docente,True
nbarby2i@bbc.co.uk,Normie,Barby,alumno,True
abartlet2j@miitbeian.gov.cn,Ali,Bartlet,alumno,True
cdursley2k@zimbio.com,Cammy,Dursley,alumno,True
hanfrey2l@weather.com,Ham,Anfrey,alumno,True
rsoane2m@ucsd.edu,Rutledge,Soane,alumno,True
piohananof2n@tmall.com,Pen,Iohananof,alumno,True
evarsey2o@cyberchimps.com,Evyn,Varsey,alumno,True
jellerman2p@creativecommons.org,Jackie,Ellerman,alumno,True
hheijnen2q@elpais.com,Heather,Heijnen,alumno,True
asimakov2r@globo.com,Ashley,Simakov,docente,True
